Margarita,msher0@redcross.org,mstaines0
Kathy,klouedey1@blogger.com,kgarham1
Damian,dmetts2@spiegel.de,dvonderempten2
Oliy,omobius3@cocolog-nifty.com,oguidotti3
Dorie,dwines4@mysql.com,dpratten4
Ada,aradcliffe5@msu.edu,arabbitt5
Seline,swickrath6@icq.com,swoodlands6
Fairlie,fkorpal7@acquirethisname.com,fharsnep7
Zarla,zsaurat8@harvard.edu,zlehrer8
Agnella,acolquitt9@istockphoto.com,aratray9
Patin,plamonda@goo.gl,pbougourda
Ricki,rmardollb@ameblo.jp,rerickssenb
Iain,ifechniec@si.edu,imoundc
Nell,nallnattd@miibeian.gov.cn,njirand
Latrina,lbransbye@flickr.com,lkynseye
Zorah,zfirmingerf@joomla.org,zallgoodf
Guinna,gblatchfordg@homestead.com,gmewsg
Darda,dgrindleh@ucsd.edu,dkeppelh
Devonna,dplaili@nymag.com,ddreveri
Mariejeanne,mpaysj@over-blog.com,myakuntzovj
Zachery,zdalleyk@sourceforge.net,zvaggesk
Jesse,jlebretonl@opera.com,jhenzleyl
Vachel,vwincomm@cnet.com,vtrippm
Edythe,ecurgenuern@shinystat.com,eaushern
Silvano,srennoxo@google.cn,syardleyo
Mellie,mswanborrowp@rediff.com,mbellinop
Nicolle,npetruszkaq@hhs.gov,nharriganq
Julieta,jcobonr@imdb.com,jhylandr
Ximenes,xgilhams@hatena.ne.jp,ximlachs
Marlo,mcecchit@quantcast.com,mkleinberert
Rafaello,rcuddyu@apple.com,rorteauxu
Ulises,ubasketterv@lycos.com,ushelpv
Chevy,cmarkiew@blogs.com,cdevow
Raynard,rcowhigx@imageshack.us,rpruvostx
Patience,pdalzielly@paginegialle.it,ppiotry
Phaedra,pseydlitzz@chronoengine.com,preadheadz
Bartolemo,bpiscopo10@livejournal.com,bclavering10
Sam,sscibsey11@sina.com.cn,sgopsall11
Ellsworth,eamanger12@washingtonpost.com,eedgley12
Cirillo,csoppit13@apple.com,cjoscelin13
Turner,tglendza14@thetimes.co.uk,tacory14
Hewett,hcancelier15@chronoengine.com,hlehon15
Alvera,ahedlestone16@upenn.edu,ajewiss16
Garey,gmawby17@github.io,geasdon17
Dyann,dstudd18@amazonaws.com,dpesak18
Hurlee,hcadwallader19@nbcnews.com,hstubbes19
Ethelred,egloucester1a@newyorker.com,eswayte1a
Maurene,mkennan1b@jalbum.net,mwidmore1b
Sheba,sswyre1c@samsung.com,sdriuzzi1c
Kev,khaswall1d@e-recht24.de,kmaskew1d
Kissee,kdulin1e@unesco.org,krackham1e
Thain,tcraigheid1f@biglobe.ne.jp,tsporrij1f
Kimmi,ksinnott1g@java.com,kgreenwood1g
Ozzy,oglossop1h@washingtonpost.com,oepton1h
Tanya,tpina1i@google.com,tlyst1i
Alla,aeyree1j@virginia.edu,asutherland1j
Edwin,eriddington1k@virginia.edu,edivill1k
Brady,bevett1l@oakley.com,bjecock1l
Suzi,sthorby1m@odnoklassniki.ru,sbutterfint1m
Fionnula,fjeannaud1n@mapy.cz,fpurselowe1n
Fernandina,fstorre1o@google.de,fwardel1o
Heath,hpasse1p@fda.gov,hcanero1p
Cristie,cdavydychev1q@vimeo.com,chelgass1q
Cele,cjanjusevic1r@skype.com,ccroizier1r
Taber,tgallemore1s@mapy.cz,telijah1s
Pietrek,pforbear1t@bizjournals.com,pmacalister1t
Drusi,dmcclunaghan1u@ezinearticles.com,ddelafield1u
Anna-diane,ahinkins1v@theatlantic.com,agwilt1v
Husein,hivell1w@dell.com,hstinson1w
Beckie,bmullally1x@prnewswire.com,bliddyard1x
Raynell,rfowell1y@oakley.com,rgotfrey1y
Lacee,lblanche1z@theguardian.com,lgrastye1z
Sandye,smckeag20@alexa.com,srubinsztein20
Van,vburgoine21@noaa.gov,vgreschik21
Mic,mmorando22@behance.net,mgidney22
Dorree,dcopin23@cocolog-nifty.com,dvidgeon23
Kamilah,kgannicleff24@shareasale.com,kspinelli24
Rhona,rdurnall25@yolasite.com,rswalowe25
Perle,psearl26@plala.or.jp,pbustard26
Irma,ipawfoot27@slideshare.net,igallego27
Gene,gyellowlea28@tmall.com,gpalombi28
Curry,cfoynes29@upenn.edu,clapidus29
Donni,delcomb2a@typepad.com,dlaxson2a
Angy,aeverett2b@nsw.gov.au,atroutbeck2b
Wake,wlownes2c@diigo.com,wosbourn2c
Nolly,nrootes2d@freewebs.com,nfirminger2d
Nigel,nmcbean2e@sakura.ne.jp,nkemmet2e
Jeannie,jaldwich2f@earthlink.net,jadamik2f
Brand,blipsett2g@wikimedia.org,bmaxfield2g
Staford,smettetal2h@cmu.edu,sdebruijne2h
Elyse,earnley2i@i2i.jp,etorricina2i
Amalie,alauderdale2j@sitemeter.com,acorro2j
Mycah,mrapaport2k@pen.io,mfirebrace2k
Casar,cbranchett2l@wordpress.com,codriscoll2l
Susy,sreuss2m@tinyurl.com,sfright2m
Fons,fayers2n@phoca.cz,fumbert2n
Jerrine,jwiddup2o@nps.gov,jregnard2o
Christie,cgelder2p@macromedia.com,cexton2p
Mohandis,mgrainge2q@bing.com,mcurrer2q
Jereme,joldfieldcherry2r@soup.io,jposse2r
Amity,anoble2s@umn.edu,aduckering2s
Hadrian,hcotsford2t@alexa.com,habbys2t
Benni,bbenterman2u@indiegogo.com,bdewicke2u
Nerita,nlivens2v@mediafire.com,nkeyser2v
Nollie,nspaughton2w@yale.edu,nhazard2w
Doralynne,dgobourn2x@eventbrite.com,dkeyworth2x
Concordia,cvandermark2y@devhub.com,cbuckenham2y
Avrit,akemish2z@senate.gov,amaruska2z
Pearla,ptroake30@berkeley.edu,pjacquemy30
Zed,zdoohey31@aboutads.info,zputterill31
Rockie,rbainbrigge32@irs.gov,rbrimmicombe32
Marthe,mchismon33@admin.ch,mkirkam33
Asher,abisset34@prweb.com,alamplough34
Gayleen,glefrank35@netlog.com,gjoutapaitis35
Althea,amewitt36@ucla.edu,aambrozik36
Helena,hcantwell37@biglobe.ne.jp,hdorken37
Ambrosius,aprosser38@nhs.uk,acuffe38
Maurits,mcolton39@simplemachines.org,myoutead39
Vaclav,vwinley3a@guardian.co.uk,vspargo3a
Jenn,jleamon3b@unesco.org,jkitley3b
Derron,dennals3c@livejournal.com,dbamfield3c
Cyril,cnicolson3d@yellowbook.com,cchadbourn3d
Emeline,ewimbury3e@netscape.com,efrusher3e
Gottfried,gdix3f@nasa.gov,gferreri3f
Silvanus,shonack3g@sohu.com,spadula3g
Dennison,dmcgaugey3h@army.mil,ddandison3h
Ahmad,arobberecht3i@intel.com,amordin3i
Muffin,mcund3j@google.com,mmccutcheon3j
Goddard,gbradder3k@sfgate.com,gdurrett3k
Kimmi,kmorten3l@furl.net,koldford3l
Laird,lbodman3m@yandex.ru,ltearney3m
Sallie,sjanu3n@va.gov,sserginson3n
Lona,ligo3o@japanpost.jp,lgudeman3o
Devonna,dhughland3p@nba.com,dkolakowski3p
Carroll,cpatching3q@opera.com,cjeaves3q
Danyette,dteenan3r@trellian.com,djoynt3r
Alfonso,agorler3s@amazon.de,abohills3s
Giralda,gwalkinshaw3t@sciencedirect.com,gpacht3t
Claudia,cgirke3u@about.com,ccheesley3u
Jason,jshakesby3v@kickstarter.com,jbyng3v
Nady,nmctrusty3w@ycombinator.com,nlarrosa3w
Giacomo,gphillimore3x@newyorker.com,gmunro3x
Nealy,nyouings3y@utexas.edu,ntidbold3y
Kahaleel,kmudle3z@nbcnews.com,kvirgo3z
Haley,hvalasek40@army.mil,hdrohan40
Corilla,csporner41@sogou.com,cmccomas41
Mable,mcrowne42@prlog.org,mmacrae42
Fredrika,fherion43@digg.com,ferrichelli43
Aila,adavidof44@simplemachines.org,abon44
Stace,skneaphsey45@samsung.com,sblazek45
Glennis,gmessenger46@goodreads.com,geyeington46
Kylila,kgyrgorcewicx47@imageshack.us,kditer47
Karlen,ktellett48@merriam-webster.com,ktutsell48
Margalit,mtigwell49@cloudflare.com,mcolebrook49
Spense,sbyrom4a@tinyurl.com,spatey4a
Mildrid,mhannen4b@weather.com,malelsandrowicz4b
Peyter,paubery4c@barnesandnoble.com,pcannan4c
Jaimie,jnadin4d@aboutads.info,jflawith4d
Jackqueline,jmeneer4e@ustream.tv,jswindells4e
Carlyn,cfeldmann4f@newsvine.com,ccucuzza4f
Pet,pmccurt4g@earthlink.net,pstolberg4g
Wallace,wsaunier4h@sciencedirect.com,wrime4h
Andris,astledger4i@cdc.gov,amacglory4i
Ed,echong4j@soundcloud.com,emacgiolla4j
John,jcastille4k@weibo.com,jvonhagt4k
Merissa,mstapford4l@yale.edu,msarl4l
Ileana,imassimo4m@google.cn,izorzin4m
Lenci,ljosefs4n@wiley.com,ldelle4n
Gonzales,gheffron4o@marketwatch.com,ghenrichs4o
Marie,macheson4p@vinaora.com,mkeemar4p
Vikki,vkurth4q@sourceforge.net,vwinthrop4q
Valdemar,vcotty4r@dailymail.co.uk,vblofield4r
Elliot,ewiggans4s@hibu.com,ehassewell4s
Any,aspoole4t@bing.com,amattin4t
Graeme,gconvery4u@shutterfly.com,gsparkes4u
Hollie,hbreache4v@spiegel.de,hfalkingham4v
Bobinette,bdungey4w@addtoany.com,bscirman4w
Nicolis,ndoyley4x@tripod.com,nraft4x
Craggie,cbohje4y@newyorker.com,cfutty4y
Gauthier,gmckeurton4z@multiply.com,gfurmedge4z
Bobbie,bseeking50@shutterfly.com,bbeenham50
Binky,bbazoge51@reference.com,bfright51
Blancha,bbutt52@nationalgeographic.com,bdeeves52
Jenilee,jmartijn53@theatlantic.com,jhattigan53
Morris,mrohlfing54@bluehost.com,mmcquaker54
Ardyce,amclaggan55@canalblog.com,ativnan55
Erinn,efenton56@blogtalkradio.com,eromera56
Aeriela,afairclough57@indiatimes.com,ashields57
Hobart,hmayzes58@oracle.com,hcalver58
Sherye,sbircher59@usnews.com,scausey59
Pincus,pbiagini5a@technorati.com,pcable5a
Danny,dboylan5b@artisteer.com,dgillbe5b
Caryl,cthunnercliff5c@redcross.org,cchartman5c
Bamby,bdillamore5d@pagesperso-orange.fr,bspaule5d
Phylis,pbarkly5e@wordpress.com,pmckeevers5e
Darby,dpidgin5f@163.com,dwerny5f
Monti,mpherps5g@mozilla.com,mcarroll5g
Katie,kstopher5h@flickr.com,kklink5h
Ken,kdeer5i@ibm.com,krosendorf5i
Talia,telstone5j@va.gov,toxe5j
Jere,jbeades5k@biglobe.ne.jp,jlaroze5k
Siouxie,slenoir5l@elegantthemes.com,sbondar5l
Zarla,zbrosio5m@huffingtonpost.com,zlelliott5m
Connie,cmanifold5n@studiopress.com,cberntsson5n
Rahel,rstonhewer5o@businessweek.com,rportingale5o
Jasmina,jdarth5p@ucoz.ru,jgowanlock5p
Reggie,rgorger5q@de.vu,rlehrmann5q
Ailene,acornock5r@sphinn.com,alegall5r
Mata,mnatalie5s@a8.net,modoogan5s
Reinhold,rsallier5t@state.gov,rakram5t
Adelina,akinleyside5u@walmart.com,aruberry5u
Eunice,ebohike5v@pinterest.com,ehowey5v
Salmon,sphizaclea5w@edublogs.org,sdenness5w
Trude,toconnolly5x@liveinternet.ru,tkellart5x
Des,dmasser5y@wikispaces.com,dwarlowe5y
Morris,mmanhood5z@spiegel.de,mandreaccio5z
Alexandre,arevington60@nbcnews.com,aalvarado60
Rolf,ralvey61@fotki.com,rpetyt61
Gill,gocahill62@plala.or.jp,gierland62
Graeme,gflippen63@simplemachines.org,gplunket63
Gretna,gworthington64@youku.com,giley64
Mikkel,mgodlip65@fotki.com,mburrel65
Marilin,mblanch66@go.com,mjurasek66
Michal,mpackman67@amazon.de,mkeefe67
Erna,efordyce68@biglobe.ne.jp,ebeasleigh68
Duky,dgriffitts69@latimes.com,dsurby69
Cassandra,cnewart6a@altervista.org,ckinsell6a
Sharron,sissacof6b@mapy.cz,swhistan6b
Angelica,akuhn6c@prweb.com,aosgorby6c
Mannie,mmobberley6d@digg.com,mgiggs6d
Ferdinande,fbretherick6e@forbes.com,fiorizzi6e
Corbett,cpakenham6f@surveymonkey.com,cloache6f
Dieter,dconring6g@home.pl,dmatthius6g
Tommy,trawsthorne6h@about.com,tsaffin6h
Derril,dcowderay6i@archive.org,dcorrea6i
Bernetta,blaverock6j@nps.gov,bbowlands6j
Gerardo,gmcconway6k@hibu.com,gchapman6k
Horatia,hoxbury6l@google.es,hlinge6l
Berthe,blemary6m@rediff.com,blegan6m
Kimbell,kcloke6n@163.com,kcottie6n
Free,fkirkland6o@hud.gov,fbondar6o
Mariellen,mturpin6p@google.nl,mfreeth6p
Dominick,dstarr6q@t-online.de,dgiacometti6q
Lina,lmithan6r@techcrunch.com,lhales6r
Fredek,farens6s@histats.com,fstoggell6s
Sayre,sanglim6t@gizmodo.com,ssculley6t
Carson,cdadds6u@cargocollective.com,cpaulillo6u
Chaunce,cspringthorpe6v@purevolume.com,cklement6v
Patton,pbryceson6w@dedecms.com,pshuttell6w
Dione,dprescott6x@patch.com,dbonnell6x
Ban,bshrimplin6y@jiathis.com,baliman6y
Rhoda,rrennox6z@scribd.com,rcardenoza6z
Abrahan,atallach70@ehow.com,aparr70
Sissy,salven71@redcross.org,sboreham71
King,kmcenteggart72@nifty.com,kpaull72
Ania,arabbet73@washingtonpost.com,achappelle73
Kippy,kreeks74@si.edu,kswanne74
Nathanael,ncannon75@telegraph.co.uk,nlorentz75
Sapphira,stilt76@wordpress.org,sviggers76
Wake,wkyme77@amazon.co.jp,wribou77
Lemmy,lbattell78@icio.us,lpetrolli78
Alexi,apaddington79@umich.edu,adegue79
Teodoor,tdavitashvili7a@cbslocal.com,tfolshom7a
Ester,emee7b@reverbnation.com,eskate7b
Peggie,pbocking7c@latimes.com,psissens7c
Chucho,cbirdis7d@ucoz.ru,crosenkranc7d
Agna,alattie7e@blogs.com,agrainger7e
Myrle,mmillea7f@sphinn.com,mbrackstone7f
Prudy,pmaling7g@w3.org,pcrock7g
Lewes,ltrasler7h@seesaa.net,lbalshen7h
Annalee,ahunt7i@jigsy.com,akrzyzaniak7i
Angelina,ainworth7j@histats.com,abiggerdike7j
Kiri,klinden7k@nifty.com,ksinclaire7k
Keith,kcrosser7l@cisco.com,kbondar7l
Audra,aslixby7m@mtv.com,asomerton7m
Michell,mpietrasik7n@google.com,mfortnum7n
Colet,cmcphelimey7o@msu.edu,cframpton7o
Dunstan,dbretland7p@icio.us,dboothman7p
Melisent,mmclenaghan7q@wired.com,mtolson7q
Gray,gmelbury7r@ted.com,grichings7r
Garrick,givell7s@seesaa.net,glyte7s
Raffaello,rcary7t@guardian.co.uk,rbaythorp7t
Misty,mbatchley7u@tumblr.com,mmechan7u
Wilow,wlehenmann7v@dagondesign.com,wemmanuele7v
Trever,tkiellor7w@free.fr,tcantrill7w
Christine,cvanderson7x@army.mil,clamswood7x
Smith,shuddart7y@princeton.edu,srimer7y
Lillis,lhinkensen7z@canalblog.com,lkopelman7z
Allx,agurko80@cbslocal.com,achatres80
Leslie,lsidry81@hatena.ne.jp,lreignard81
Iggy,igrigoriev82@usnews.com,inixon82
Angela,anesbitt83@irs.gov,avasilic83
Biddy,bclarke84@newyorker.com,bsongest84
Haydon,hlearned85@umn.edu,hkornes85
Ulberto,urestill86@pinterest.com,ujorez86
Matty,mhartford87@github.com,myouthead87
Aylmer,azellick88@google.com.br,ahember88
Delmer,dgait89@163.com,dstadden89
Atlanta,achettoe8a@umich.edu,amonan8a
Penn,peberst8b@drupal.org,ppirrone8b
Bartie,bfromant8c@meetup.com,bfell8c
Julianna,jkenefick8d@clickbank.net,jcostin8d
Adda,aantonov8e@chronoengine.com,ahovert8e
Nil,noakeshott8f@typepad.com,ndonisi8f
Noah,njaycox8g@dedecms.com,ntilliard8g
Elga,eapted8h@wisc.edu,elangelaan8h
Berk,baleksahkin8i@rambler.ru,bfolkerts8i
Antonie,apoizer8j@slashdot.org,apauluzzi8j
Terrijo,tallberry8k@booking.com,tavey8k
Garv,gboynton8l@narod.ru,gdaingerfield8l
Tommi,tlippatt8m@infoseek.co.jp,tpirt8m
Benjy,bdiggell8n@soundcloud.com,bkohrsen8n
Yank,ycarine8o@guardian.co.uk,ytiplady8o
Adella,ahudless8p@e-recht24.de,arichardin8p
Joseito,jcharteris8q@java.com,jzahor8q
Chrissie,cblodget8r@yellowpages.com,cduinbleton8r
Darcy,ddelia8s@constantcontact.com,dyapp8s
Milicent,mpalumbo8t@bbb.org,mwidocks8t
Trueman,tjamison8u@wired.com,tranahan8u
Joanna,jmatuska8v@behance.net,jphorsby8v
Carole,ckeppie8w@linkedin.com,cmilliken8w
Oliviero,ojaquest8x@addtoany.com,orawcliffe8x
Glenna,gkaindl8y@ted.com,ggooms8y
Eula,eraulston8z@taobao.com,etointon8z
Hollis,hpoyser90@cmu.edu,hcarbry90
Lari,lhelleckas91@bravesites.com,lmatthews91
Teri,tsurby92@craigslist.org,tmachon92
Gustav,gkedward93@si.edu,gwickersham93
Rae,rduddle94@edublogs.org,rskippon94
Vera,vhiddersley95@domainmarket.com,vbucktrout95
Riley,rcoulthurst96@aol.com,rveness96
Knox,klansdale97@linkedin.com,kditty97
Dana,dthurber98@boston.com,dkeasley98
Neils,nhydechambers99@themeforest.net,nsalla99
Dino,dseavers9a@umn.edu,dbeaument9a
Dermot,djorcke9b@skype.com,dlow9b
Isidora,ibeaglehole9c@devhub.com,iroscoe9c
Vin,vdumblton9d@merriam-webster.com,vhaffner9d
Homer,hucceli9e@smugmug.com,hbrazenor9e
Tracy,theathwood9f@washington.edu,tdodimead9f
Marvin,mwarhurst9g@uiuc.edu,mcassell9g
Robin,rlundie9h@noaa.gov,rcohani9h
Nonah,nrentelll9i@omniture.com,ndawe9i
Murry,mkonmann9j@bbb.org,mbayless9j
Poppy,pfritter9k@oakley.com,ppirot9k
Libbey,lsperling9l@clickbank.net,lrosenwasser9l
Shir,sbaniard9m@a8.net,sgarrow9m
Christal,cphilpault9n@cnbc.com,cheskins9n
Lilian,ldrewry9o@vistaprint.com,lchape9o
Ania,aexley9p@arstechnica.com,aschimann9p
Caria,cdealtry9q@bluehost.com,cworner9q
Jarrid,jdunbabin9r@123-reg.co.uk,jaikin9r
Angel,adudeney9s@reverbnation.com,atoothill9s
Winnah,wkondratyuk9t@columbia.edu,wfomichkin9t
Micheline,mblest9u@rambler.ru,mmaccallister9u
Donica,dsay9v@nasa.gov,ddwelley9v
Jourdain,jpatrick9w@statcounter.com,jdanzelman9w
Haley,hpavolini9x@delicious.com,hglanfield9x
Clari,cbiddlecombe9y@blogtalkradio.com,cstoneham9y
Imogen,ipryn9z@blog.com,ivallentine9z
Kacie,ksaddlera0@japanpost.jp,kwiddecombea0
Judi,jduddya1@flickr.com,jcolthursta1
Corette,chugha2@oakley.com,cbugbya2
Flory,ffendlena3@sina.com.cn,fhollingsheada3
Claudine,ckassmana4@upenn.edu,cgergoleta4
Arnold,alethardya5@discovery.com,aprattea5
Consalve,cmcbridea6@google.pl,cisona6
Carita,cfilippoa7@netlog.com,cmcmainsa7
Marijn,mroubya8@drupal.org,mjosupeita8
Annabelle,adibbsa9@ca.gov,akarela9
Lynea,lwimesaa@tripod.com,ljoshamaa
Carmelia,critchardab@lulu.com,cstannasab
Tanya,tchurchyardac@delicious.com,tlariveac
Ricardo,rhaburnead@uol.com.br,rpuckerad
Frans,fknivetonae@state.gov,festevezae
Virgie,vbeecraftaf@oracle.com,vcomolliaf
Ira,iglassonag@time.com,ibranniag
Alejandra,ameeceah@csmonitor.com,abraceyah
Valencia,vmccorryai@sun.com,vjerransai
Myrwyn,mdeloozeaj@cornell.edu,mpaumieraj
Carson,cdentithak@paypal.com,cabrahmoviciak
Elsey,ebartlomiejczykal@ebay.co.uk,enayloral
Tatiania,tedsonam@cnet.com,tchaferam
Johannes,jbielefeldan@ed.gov,jthomersonan
Nixie,nokeao@theglobeandmail.com,ndobkinao
Levey,lduckerap@imageshack.us,lloadesap
Rancell,rgoodenaq@disqus.com,rmannaaq
Ingrim,idmitrovicar@prweb.com,igaytorar
Gilligan,gpetraschas@people.com.cn,gmilneas
Pollyanna,pskiltonat@opera.com,pbonomeat
Alyson,akeigherau@goo.ne.jp,amarianau
Justine,jgraundissonav@answers.com,jcorkishav
Rubie,reuesdenaw@cisco.com,rblythaw
Tabbatha,thestropax@pen.io,tstileax
Barbey,bwattay@wired.com,bsleeay
Mariellen,mlowbridgeaz@networkadvertising.org,mrickhussaz
Jessee,jbeveredgeb0@cocolog-nifty.com,jpefferb0
Laurie,lalfonsob1@cpanel.net,lhiseb1
Sioux,sbagsterb2@gizmodo.com,sgateb2
Alika,apuckeyb3@smugmug.com,aboswoodb3
Arri,ajamrowiczb4@mozilla.com,afeldb4
Forrester,fguitonb5@is.gd,fbiggadykeb5
Moore,mpopleeb6@squidoo.com,mfaintb6
Roberta,rmalinsb7@vk.com,raugustb7
Cordie,cnowerb8@aboutads.info,cspriggenb8
Carmina,ccollcottb9@simplemachines.org,cburelb9
Carr,ccufflinba@ehow.com,chowlesba
Tallulah,tpavelinbb@facebook.com,ttavinorbb
Rayna,rsnalumbc@acquirethisname.com,rsexstonebc
Maximilien,mhubbartbd@soundcloud.com,marrigobd
Annamarie,aharraldbe@goo.ne.jp,awylambe
Flossie,fcharkebf@cnn.com,fgoreisrbf
Belle,bmiddleweekbg@tinypic.com,bcontibg
Cleopatra,cjanosevicbh@cisco.com,cmartinettobh
Etti,eornelesbi@comsenz.com,efernebi
Galvin,gwiskarbj@about.com,gitscovitzbj
Cordy,cgummbk@netlog.com,cmatchellbk
Manolo,mjaffreybl@ehow.com,mfehnersbl
Suzanne,sluckinbm@cmu.edu,spiercebm
Kassia,klongfieldbn@tinypic.com,kwassonbn
Margie,mbeckenbo@taobao.com,msolomonidesbo
Brigida,beshmadebp@fda.gov,bbooleybp
Roy,rjatczakbq@flavors.me,rthornbq
Garret,gfullunbr@nytimes.com,gneathbr
Herbie,haronowiczbs@miibeian.gov.cn,hautenbs
Vidovik,vpletbt@soundcloud.com,vhardacrebt
Lory,lkeileybu@about.me,ldriffebu
Giff,gjanusikbv@virginia.edu,gyappbv
Velvet,vklischbw@cbsnews.com,vvizorbw
Vale,vstennettbx@apache.org,vmeatonbx
Lorianna,lrowselby@g.co,lkillelayby
Neddy,npullerbz@cnbc.com,nottawellbz
Rhonda,raltoftc0@yandex.ru,rmusgravec0
Tricia,tpimlettc1@trellian.com,tgomezc1
Paolo,pburgoinc2@ocn.ne.jp,phazeltinec2
Elga,egrayshonc3@craigslist.org,eedridgec3
Violette,vapsc4@aol.com,vwalcotc4
Dalli,dparsellc5@who.int,dcromiec5
Brigham,bmiddlerc6@alibaba.com,bpoleyec6
Hort,hbryersc7@mozilla.com,hgreggsc7
Rad,rkayserc8@umn.edu,rdoornbosc8
Atlanta,awooffittc9@artisteer.com,apeironec9
Onofredo,ofrenchumca@nymag.com,otessierca
Frayda,flindwassercb@symantec.com,fabernethycb
Caresa,claphorncc@t.co,csussexcc
Seka,sspencookcd@flickr.com,smagoverncd
Nigel,ngierthce@artisteer.com,ngudgece
Wendel,wyewdalecf@angelfire.com,wganforthcf
Coreen,cyegorkovcg@about.me,cthompsoncg
Becki,bsloanech@csmonitor.com,bhuonicch
Marylin,mlamperdci@eepurl.com,mmidlaneci
Ludovico,lsisleycj@eepurl.com,lsimekcj
Luci,lgiacomick@feedburner.com,lsamsinck
Mechelle,mcarlislecl@jiathis.com,malbasinicl
Mari,marstallcm@sciencedirect.com,mwillascm
Aldus,aslinecn@nydailynews.com,ahowardcn
Tory,tmaestrinico@aol.com,tsimcoeco
Lancelot,llenneycp@aol.com,llutercp
Al,atoppingcq@123-reg.co.uk,avanincq
Maren,mpoachercr@princeton.edu,mmelbycr
Nilson,ndahlbomcs@youku.com,nchandlarcs
Dylan,dszreterct@unblog.fr,dherityct
Nevins,ntrowercu@uol.com.br,nbatterbeecu
Shandeigh,syarhamcv@discovery.com,sgrishakincv
Silvano,slandercw@amazon.de,ssibberingcw
Claudine,cbuswellcx@google.cn,cscardafieldcx
Dionne,dplaskittcy@phoca.cz,dgladdolphcy
Karee,kmatschekcz@desdev.cn,kcrightencz
Riordan,rcroxalld0@state.tx.us,rdessaurd0
Margot,mkirked1@ebay.co.uk,mbeggind1
Bianka,broseburghd2@narod.ru,bterzzad2
Jeremie,jegglestoned3@networkadvertising.org,jrollingsd3
Herbie,hsircombed4@mediafire.com,hsheahand4
Engracia,ejickellsd5@dedecms.com,ekoppeckd5
Sara-ann,sparringtond6@auda.org.au,sribbond6
Darnall,ddiperausd7@lycos.com,dridgesd7
Madeline,mbillod8@ocn.ne.jp,mmccereryd8
Quintilla,qrobertotd9@com.com,qarnaldd9
Cymbre,cbrennenda@stumbleupon.com,cdebrettda
Glennis,gjedrasikdb@feedburner.com,gweltondb
Kacie,kbournedc@sciencedaily.com,klabbettdc
Hugo,hhexterdd@dyndns.org,hramelotdd
Drugi,dfainde@fotki.com,dloughande
Florrie,fsnalhamdf@tmall.com,fdelacidf
Estevan,eamosdg@loc.gov,elamburnedg
Saree,sjuaradh@addthis.com,sguideradh
Yettie,yaspitaldi@phoca.cz,ykobieladi
Wendell,wdyersondj@biblegateway.com,wmcmichelldj
Carmelina,ccovolinidk@google.fr,cvanhaultdk
Norene,nkristoffersendl@go.com,npaynesdl
Halsey,hhawkridgedm@buzzfeed.com,hgodsmarkdm
Gertrude,gmcveaghdn@tripadvisor.com,gnixondn
Herculie,hgreenierdo@smugmug.com,hmankordo
Reba,rrosenqvistdp@yelp.com,rmccraydp
Aggi,acoatsdq@youtube.com,ateresadq
Cloris,cespineldr@mlb.com,ccollingdondr
Minda,mdobbieds@e-recht24.de,mdohmsds
Erv,elemandt@zimbio.com,edomnineydt
Anjanette,amacdu@unc.edu,atwelvetreesdu
Edlin,ejerochdv@marketwatch.com,edefonddv
Danie,dtabarddw@ustream.tv,dklauberdw
Costa,ccopestakedx@jugem.jp,cdowyerdx
Melina,mjersondy@over-blog.com,mvispody
Kristopher,kdidsburydz@wisc.edu,kjozwickidz
Dennis,dbarriballe0@jalbum.net,drobeye0
Mia,msteete1@tiny.cc,mwildine1
Salomon,scassleye2@omniture.com,sfreckeltone2
Gregorio,gtomaszeke3@fema.gov,goshevlane3
Courtnay,clabbae4@netvibes.com,csugdene4
Kiah,kmorriesone5@xinhuanet.com,krichardese5
Doralynne,dmcwhinniee6@weebly.com,ddumingose6
Loraine,lneille7@abc.net.au,lnicholase7
Miranda,mnestere8@blinklist.com,mgrosvenere8
Durante,ddundone9@rakuten.co.jp,demese9
Anneliese,arobbekeea@apache.org,adearlea
Mandy,mhumphersoneb@ox.ac.uk,mlanningeb
Zolly,zglisaneec@wsj.com,zellumec
Pietra,ppalmared@msn.com,pkenlined
Eward,elidgardee@xrea.com,edilliwayee
Melicent,mtiteef@geocities.jp,mpettwoodef
Gayel,gcanbyeg@mozilla.com,groubayeg
Laureen,lduttoneh@merriam-webster.com,lfairleyeh
Juanita,jdutchei@mozilla.com,jbeerei
Nissa,nbulliventej@dailymail.co.uk,nbayfordej
Jarrad,jraecroftek@sbwire.com,jleverichek
Sutherland,scarnellel@nih.gov,sfuidgeel
Carina,cormanem@hugedomains.com,cknathem
Marcellina,mfairbairnen@house.gov,mbalken
Adara,apettegreeeo@networkadvertising.org,aswanborougheo
Valry,vmaddisonep@ehow.com,vdursleyep
Hanson,hlaboneeq@dailymotion.com,hmcdoualeq
Aland,ahauxleyer@smugmug.com,aprinetter
Sanderson,smcgorleyes@state.tx.us,sperfectes
Orelee,obyramet@hp.com,obaumannet
Myrtice,mhanstockeu@si.edu,mnewlingeu
Izzy,igocherev@cmu.edu,ibalesev
Leeann,ldemangelew@imageshack.us,ljohnssonew
Bridgette,brobiotex@storify.com,bhugex
Reuben,rwestmerlandey@taobao.com,rjaggardey
Wally,wrathborneez@wikipedia.org,wpilgerez
Jena,jmalshingerf0@dailymotion.com,jpotkinsf0
Alethea,agoldhillf1@mysql.com,awhitewoodf1
Elsbeth,ematiashvilif2@weather.com,ecroxleyf2
Giuditta,gtillardf3@virginia.edu,gjehanf3
Elsworth,eglaisterf4@buzzfeed.com,estatersfieldf4
Moishe,mlarvinf5@tripod.com,msongistf5
Adolf,amatherf6@umn.edu,abecksf6
Eden,erozecf7@eventbrite.com,epottesf7
Avram,aguerinf8@google.ca,adrayef8
Quinn,qdodimeadf9@pagesperso-orange.fr,qhanburryf9
Maude,mfoucherfa@answers.com,mguiraufa
Cristine,ctillfb@rakuten.co.jp,cstrangefb
Rubie,rgendersfc@state.tx.us,rillyesfc
Benetta,bhurfordfd@hibu.com,bplascottfd
Anderea,adissfe@redcross.org,aramsbothamfe
Bernice,bdautryff@nymag.com,bkerwickff
Krissy,kmatyuginfg@google.fr,kdennerleyfg
Cortney,cmatteaccifh@webmd.com,cmonrofh
Laraine,lbudnikfi@infoseek.co.jp,lbarrittfi
Janella,jhubyfj@ucoz.ru,jrashfj
Filbert,fsharrattfk@cbslocal.com,frowthornfk
Any,alebangfl@ovh.net,abowgenfl
Graig,gbiggerdikefm@csmonitor.com,gdeedesfm
Angie,apeckfn@vistaprint.com,adinanfn
Arty,aheintschfo@businessweek.com,adurnofo
Graig,ggotherfp@google.com.hk,gshopcottfp
Faber,frafffq@jigsy.com,fsansfq
Daryl,dtomankowskifr@example.com,dkampshellfr
Jillayne,jreadingfs@sogou.com,jdaveranfs
Alessandra,ageddesft@amazon.co.jp,aelkinsft
Denys,dkarolyfu@weibo.com,dquinetfu
Imogene,ihallawellfv@is.gd,ikettowfv
Tully,ttargetterfw@alibaba.com,trunseyfw
Boycie,bjeanninfx@dell.com,bnielsonfx
Neel,nwroughtonfy@biblegateway.com,nwoolertonfy
Christy,cmiddisfz@g.co,cdrooganfz
Corrina,cszymonwiczg0@hubpages.com,cmallallg0
Neely,nfeechang1@npr.org,nstonebanksg1
Michael,mbending2@google.nl,mcookg2
Madeline,mwychardg3@i2i.jp,mvangiffeng3
Corney,chayzerg4@google.com.hk,claurentinog4
Janey,jwindersg5@imdb.com,jjeramg5
Leonidas,lcanag6@tmall.com,ltysackg6
Cordie,cseywoodg7@hexun.com,cbrabing7
Marijn,mbrieretong8@dyndns.org,msurgeyg8
Christi,cgabrielg9@apple.com,cluxg9
Kellen,kberreclothga@amazon.co.uk,kredhousega
Benni,balasdairgb@nba.com,bgennygb
Rogers,rhawtreygc@microsoft.com,rtruelovegc
Lloyd,lbutlandgd@ustream.tv,leastridgegd
Bart,brafteryge@msu.edu,bcarrodusge
Jennica,jmccolgangf@1und1.de,jjennawaygf
Gabriella,gbroxtongg@ning.com,giacovacciogg
Abie,areignoldsgh@gmpg.org,abogaysgh
Moe,maddymangi@yellowpages.com,mdumbrallgi
Nat,nhunegj@studiopress.com,nraulingj
Devonne,dhovygk@yahoo.co.jp,dgeddesgk
Jacob,jgoodbannegl@ask.com,jsteljesgl
Korry,krutleygm@lycos.com,kfloyedgm
Rebekkah,rpreatorgn@amazonaws.com,rhumblegn
Maison,mscardefieldgo@nhs.uk,mpenngo
Tadeo,ttetthergp@rediff.com,tbleackleygp
Daniela,dpardigq@skyrock.com,drigebygq
Bev,bhuccabygr@weebly.com,bfrancecionegr
Dix,dkleynengs@sakura.ne.jp,dmaunsellgs
Tarrance,tkirschgt@arizona.edu,tlocarnogt
Berton,bhenningtongu@ox.ac.uk,bsobczakgu
Luisa,ldarlastongv@ca.gov,llawrinsongv
Ferrel,fphilipartgw@zdnet.com,fsobtkagw
Bunni,belvinsgx@youku.com,btuckgx
Scotti,scroneengy@ovh.net,sdmitrichenkogy
Lucky,lgatissgz@smh.com.au,lnajaragz
Pamela,pblareh0@tumblr.com,pbrodieh0
Hazel,hcharloh1@wikispaces.com,hludwellh1
Petunia,pivoryh2@vistaprint.com,ppelzerh2
Melba,mambrogiolih3@myspace.com,mgribbellh3
Alfie,aphibbh4@psu.edu,aseldnerh4
Chelsie,creglarh5@1688.com,cjoddinsh5
Philippa,prommeh6@bluehost.com,pmackeggh6
Lian,leisenbergh7@google.com.au,lpophamh7
Claudine,cpedroccoh8@nbcnews.com,cdungeyh8
Curran,clindholmh9@360.cn,cmyallh9
Arda,aboadbyha@symantec.com,alukinsha
Marita,mdugmorehb@arstechnica.com,mtaklehb
Cos,ctinseyhc@pcworld.com,cwarcuphc
Martie,meidlerhd@buzzfeed.com,mhegartyhd
Ferdy,fbannisterhe@nih.gov,fshoebottomhe
Annmaria,abrittleshf@oakley.com,adeverhf
Tybie,tcosterdhg@mozilla.com,tstickneyhg
Anjanette,apleumanhh@youtu.be,agustushh
Domeniga,ddmisekhi@pagesperso-orange.fr,ddickmanhi
Denys,dwallerbridgehj@alibaba.com,ddalglieshhj
Sibyl,sgiampietrohk@cam.ac.uk,spowterhk
Cristin,cmollindiniahl@bandcamp.com,cwinspearhl
Randa,rgormleyhm@indiegogo.com,rkelemenhm
Darius,dkarlolczakhn@rakuten.co.jp,dlombhn
Arluene,aboltho@mapy.cz,adalgetyho
Ancell,afugglehp@ustream.tv,astebbingshp
Collie,cstrettlehq@diigo.com,cbatiehq
Rosemary,rlyonhr@elegantthemes.com,rgoggenhr
Lothario,lolijvehs@mtv.com,lgrishukhinhs
Lusa,lvowellht@unc.edu,lmatisseht
Dmitri,dmachelhu@hibu.com,dplayfairhu
Lenard,lspottswoodhv@pbs.org,lelesanderhv
Miguelita,mrowswellhw@google.com.br,mmermanhw
Chariot,ccoweuppehx@alexa.com,cchinnickhx
Alfie,akeedyhy@fda.gov,agibbinhy
Wendie,wdomicohz@1und1.de,wrentollhz
Beatriz,bbeastalli0@java.com,bwhitcombi0
Cindi,clamswoodi1@nyu.edu,cbailesi1
Amble,astannahi2@earthlink.net,ajukubczaki2
Delia,dscuddersi3@amazon.co.uk,dtewkesburyi3
Lyle,lscrivini4@desdev.cn,lgyteshami4
Kary,kkienlei5@intel.com,kalloni5
Ros,rwaldockei6@accuweather.com,rbrashieri6
Ardelis,aveiversi7@example.com,abaseri7
Eddy,ebillingslyi8@w3.org,esothebyi8
Wanids,wkleeweini9@noaa.gov,wpotburyi9
Pietrek,parnaldyia@independent.co.uk,pgillhamia
Luca,lclymaib@xinhuanet.com,lwhittingtonib
Tod,trudolfic@chicagotribune.com,tkiddeyic
Gerhardine,gcordinglyid@t.co,gisackid
Marve,mbuggyie@reverbnation.com,mmiddlebrookie
Tad,tfutterif@mashable.com,tbeetif
Valida,vgreenfieldig@alibaba.com,vcotterig
Wilden,wbampfieldih@wufoo.com,wlongforthih
Joscelin,jjosofovitzii@senate.gov,jmangeneyii
Gardie,grickettsij@umn.edu,gleverij
Stevana,stissingtonik@squarespace.com,sgraberik
Kendre,kmardlinil@cocolog-nifty.com,ksirrellil
Jill,jjerschim@dagondesign.com,jtrelevenim
Lonee,lpymarin@fotki.com,lspensleyin
Ray,rmausio@opensource.org,rswindleio
Barr,beisenbergip@meetup.com,bdoniseip
Zara,zmarmioniq@blog.com,zrunciemaniq
Tonye,thamsonir@aol.com,tmayheadir
Al,aellicombeis@blogspot.com,aelsonis
Lane,lmccowenit@sfgate.com,leliazit
Malissia,mplayfairiu@newyorker.com,mhewelliu
Kiley,kcutressiv@uol.com.br,kkelshawiv
Vernor,vbahiaiw@sbwire.com,vaxelbeeiw
Sutherlan,swherritix@elegantthemes.com,sboakix
Isa,imeysiy@about.com,isidaryiy
Kippar,kconwayiz@yellowbook.com,kriddingiz
Annabal,aquembyj0@hibu.com,aanfossij0
Lombard,lcribbottj1@uol.com.br,lolufsenj1
Graeme,gtenneyj2@home.pl,gmorvillej2
Thia,tdoogj3@bloglovin.com,tstuttmanj3
Peyton,pscousej4@microsoft.com,pgrazierj4
Abbey,amckibbenj5@facebook.com,ajimsonj5
Heriberto,hbroseniusj6@patch.com,hgurryj6
Winthrop,wpedwellj7@mapquest.com,wnisenj7
Darlleen,ddrysdalej8@list-manage.com,dstoneyj8
Carolina,cshearmerj9@statcounter.com,cruddomj9
Nannie,nwallbuttonja@jiathis.com,nloxdaleja
Bogey,bkelliejb@nps.gov,bpersianjb
Nobe,nedgintonjc@g.co,nboswoodjc
Germana,gmacloughlinjd@hud.gov,gomarajd
Gawen,gfeoreje@twitter.com,gsheahanje
Farlay,fraymenjf@foxnews.com,flynockjf
Selia,spietraszekjg@blogtalkradio.com,skonigjg
Madonna,mcaukilljh@ftc.gov,msiaskowskijh
Yorker,ywindleyji@businessweek.com,ynequestji
Hannis,hhastjj@geocities.com,hbartelljj
Maxwell,mcarssjk@pagesperso-orange.fr,mdikelinjk
Allina,ajendrichjl@posterous.com,amulroyjl
Bennie,bfleyjm@jugem.jp,bmcaughtriejm
Harley,hwalkinshawjn@walmart.com,hbessomjn
Murdock,mvallerinejo@time.com,mbennettsjo
Jolynn,jwanklinjp@blogspot.com,jpeintonjp
Nollie,nseabertjq@reddit.com,nallwelljq
Emmi,ealessandrinijr@webmd.com,eeyteljr
Tyrone,twillowayjs@parallels.com,tschuelckejs
Killie,kemblenjt@simplemachines.org,kmacerjt
Pammi,phedlingju@nyu.edu,pdriversju
Gare,gtomasellojv@ifeng.com,gbownesjv
Casandra,clatterjw@ihg.com,cwarlowejw
Daria,dadnamsjx@sciencedirect.com,dliversedgejx
Zsazsa,zsimonassijy@home.pl,zousbyjy
Tracey,tbricknalljz@ning.com,tfennersjz
Homerus,hyettsk0@vistaprint.com,hwheildonk0
Corny,cwasielewskik1@cdc.gov,csimonardk1
Joelly,jskewesk2@last.fm,jsimonichk2
Wylie,wyaldenk3@mapy.cz,wgowark3
Quinn,qhasterk4@twitter.com,qcoupek4
Adrien,abourcqk5@xing.com,aagglionek5
Alon,aharlek6@spotify.com,awebbornk6
Isidor,iroseveark7@mashable.com,igeraldezk7
Hieronymus,hspreagk8@rakuten.co.jp,hswindellk8
Skell,skenwayk9@pagesperso-orange.fr,scaserok9
Vasily,vembertonka@google.ca,vreeceka
Nickie,ngooddaykb@technorati.com,nsemeniukkb
Lorne,lbilovuskc@quantcast.com,lchristophlekc
Fernandina,fpattykd@dot.gov,fharlowekd
Felisha,fbagleyke@loc.gov,fkarpfke
Pippo,phunekf@netvibes.com,pheavysidekf
Ronna,rdargiekg@tinypic.com,rpagelkg
Karalee,kjermynkh@ft.com,khullkh
Grissel,gwalleski@instagram.com,ggilliki
Quinn,qechallierkj@usda.gov,qbrotherheedkj
Cherrita,ccrippellkk@smugmug.com,cbiasettikk
Albie,alesieurkl@prnewswire.com,aheninghamkl
Samuel,stitfordkm@sfgate.com,slaybornkm
Franciska,ftruemankn@phpbb.com,fsergeantkn
Valentine,vgladwellko@aol.com,vcristofanoko
Montgomery,mayerskp@seesaa.net,moldcroftkp
Inger,ipatershallkq@edublogs.org,ieaseykq
Joshua,jrallingkr@oaic.gov.au,jdimitrievkr
Gerardo,gmatschekks@altervista.org,gblackfordks
Horst,hbraitlingkt@biblegateway.com,hmosleykt
Shandee,sricharsonku@cloudflare.com,sbardellku
Ranee,rwilloughbykv@icq.com,rbrundillkv
Tades,todokw@craigslist.org,tdumphreykw
Adda,abriggekx@upenn.edu,avandermerwekx
Isaiah,ibeckerky@amazon.co.jp,imoseky
Nicky,nubsdellkz@e-recht24.de,ncocklinkz
Germain,gcokerl0@google.pl,gkenrightl0
Kial,khalgarthl1@odnoklassniki.ru,kdaviddel1
Harman,hreaveleyl2@slideshare.net,hspitelll2
Linc,lpaternol3@biblegateway.com,lcoalbranl3
Elton,ezavatterol4@theglobeandmail.com,eingrel4
Mark,mfrankishl5@nydailynews.com,mwimmsl5
Eustace,ecoytesl6@shutterfly.com,erobinettl6
Gustavus,gvlasyevl7@vimeo.com,gwhitfordl7
Rorke,riskowl8@yellowpages.com,rpaintainl8
Ulysses,ulyfieldl9@go.com,ulanceleyl9
Caddric,ccrossgrovela@sciencedirect.com,cleckyla
Geri,grismanlb@columbia.edu,gsorolb
Svend,schaveslc@seattletimes.com,ssanchislc
Lind,lfeoreld@fda.gov,lslimonld
Coretta,cslevinle@scientificamerican.com,cbeachamle
Xavier,xelnoughlf@xing.com,xwillmanlf
Roldan,rratterylg@odnoklassniki.ru,rromneylg
Wolfie,wsawoodlh@nifty.com,wsteedlh
Moshe,msellanli@soup.io,mmcvaneli
Aubrie,astirmanlj@amazon.co.uk,aborrowlj
Bennett,bgrundlelk@kickstarter.com,bknibleylk
Wilmar,wmeugensll@flavors.me,wlambswoodll
Abigael,abohjelm@dell.com,apirellilm
Veronika,vmcgorleyln@sbwire.com,vtiversln
Perrine,psitlintonlo@netscape.com,pwoodgatelo
Skelly,sbulliventlp@accuweather.com,scastelluccilp
Yovonnda,ywharfelq@wp.com,ygatisslq
Bradly,bterlindenlr@imageshack.us,bmacinerneylr
Issi,iwilliamsls@upenn.edu,igranthamls
Sacha,swarretlt@illinois.edu,skulvearlt
Dorthy,dbanticklu@usnews.com,dsimenellu
Burr,bconrardlv@gmpg.org,bwinstanleylv
Calli,chousdenlw@devhub.com,cyorathlw
Janella,jmcquinlx@epa.gov,jhadwicklx
Norrie,nelamly@apache.org,nkolczynskily
Franciska,fvlasovlz@cnet.com,ffyshlz
Archie,afawcusm0@bandcamp.com,acislandm0
Farra,fpilcherm1@shop-pro.jp,fbeacroftm1
Tory,tmacwilliamm2@wired.com,tgranem2
Elvera,esorelm3@illinois.edu,eoakenfullm3
Darbie,dmeyrickm4@forbes.com,dchmarnym4
Colver,chaversumm5@miitbeian.gov.cn,cmorfeym5
Rycca,rcridlinm6@liveinternet.ru,rhatherleym6
Temple,tfaudriem7@bandcamp.com,tstoacleym7
Heidi,hpeckhamm8@hatena.ne.jp,hdarnbrookm8
Nicki,nfolominm9@google.ru,nisseleem9
Norene,ngirschma@who.int,nhamfleetma
Ted,tgahaganmb@ask.com,tstonemb
Sax,scopingmc@sourceforge.net,ssteketeemc
Dorey,dputnammd@deliciousdays.com,dspurriormd
Jeannine,jhickenme@lulu.com,jrultenme
Reena,rcorderomf@biblegateway.com,rgiffardmf
Tarah,trealymg@dailymotion.com,tlawerencemg
Say,scastlemanmh@bigcartel.com,sgaitleymh
Tamqrah,thaylettmi@oakley.com,tbeamentmi
Mackenzie,mdefrainmj@feedburner.com,mgiacovellimj
Kristo,kjakovmk@etsy.com,kbartolomieumk
Myrvyn,mbossonml@deviantart.com,madamekml
Leanna,laynscombemm@mysql.com,laitkinmm
Orin,ogideonmn@economist.com,ogiralmn
Aguistin,arupertmo@sciencedirect.com,adrillotmo
Dom,dpennonemp@tinyurl.com,dprattmp
Cayla,cbehnmq@nsw.gov.au,cluffmq
Diane,dtuplinmr@addthis.com,dmullarkeymr
Merwyn,mrichardms@scientificamerican.com,matmorems
Nelson,nrycemt@etsy.com,nkohlermanmt
Justinian,jmandymu@bloomberg.com,jcrawleymu
Marijo,morrettmv@psu.edu,mmelrosemv
Dante,dwagenenmw@bloglovin.com,dpellamontmw
Adan,awhittockmx@jiathis.com,awalklottmx
Alley,atitmussmy@hao123.com,aoelsmy
Idaline,ilautiemz@wisc.edu,iowensmz
Marieann,mlancastern0@princeton.edu,mhalfhyden0
Nana,npittsonn1@prweb.com,ngoslinn1
Rube,rlangmeadn2@timesonline.co.uk,raviesonn2
Marcy,mhabinn3@seattletimes.com,mfairburnn3
Cleveland,cpenbarthyn4@hugedomains.com,cpattemoren4
Rolph,rbaudinon5@over-blog.com,rkneelandn5
Vincents,vcharnockn6@archive.org,vbarneveldn6
Keefe,kstermann7@macromedia.com,ktissingtonn7
Artur,aforseithn8@netscape.com,acharlestonn8
Coop,cgannonn9@ted.com,cwiskern9
Nari,nagatesna@scribd.com,nschneiderna
Alexei,asherlocknb@blog.com,ahazeltinenb
Standford,stileync@studiopress.com,simrienc
Tallulah,tsidesnd@webs.com,twestmorend
Antonino,awallenne@live.com,asothernne
Buffy,bbooelnnf@163.com,brippingnf
Thurstan,tmonikerng@freewebs.com,tpaulingng
Celesta,cmulqueenynh@elegantthemes.com,cconstantnh
Beverlee,bfellneeni@bandcamp.com,blamberteschini
Marv,mdiprosenj@tumblr.com,mfergussonnj
Milty,mkeelinnk@freewebs.com,mpynenk
Marcus,mentwistlenl@aboutads.info,medmonsnl
Etienne,emorrottnm@gmpg.org,ebreanm
Issie,itripeannn@wikia.com,ividineevnn
Jere,jliebmannno@yale.edu,jmccaskillno
Arleen,afeatherstonhaughnp@bloomberg.com,apopplewellnp
Marmaduke,mkopischnq@nsw.gov.au,mmitchensonnq
Garrot,gwhilesnr@edublogs.org,gderlenr
Irvine,istannersns@time.com,isijmonsns
Sabra,sludovicont@admin.ch,sscuddersnt
Orbadiah,ogiocannoninu@godaddy.com,oaimsonnu
Artair,aroschernv@va.gov,aparkynsnv
Zola,zgrzesiaknw@so-net.ne.jp,zdelamarnw
Alissa,ahuetsonnx@rambler.ru,alorineznx
Gabbie,gvedekhovny@illinois.edu,gmahyny
Mar,mkenefordenz@smh.com.au,mbartzennz
Everard,ewestphaleno0@4shared.com,ecowingo0
Lyndsay,lsextoneo1@answers.com,lbraundso1
Wain,washborneo2@cloudflare.com,wskogginso2
Clint,cjendaso3@ucla.edu,charwello3
Jeanelle,jgantzero4@cpanel.net,jcattericko4
Minta,msimoncelloo5@google.ru,mspadaroo5
Yasmin,ybollino6@slideshare.net,yjirako6
Wilbur,wwrighto7@free.fr,wdewaro7
Ainslie,atripleto8@usda.gov,acircuitto8
Kirbee,kmacphadeno9@rediff.com,kannakino9
Butch,blosebieoa@samsung.com,bsamwayeoa
Florance,fskuneob@friendfeed.com,fsteelsob
Barn,bcheneryoc@blogger.com,bebbenoc
Tuesday,tmcgeachieod@google.cn,thallittod
Felike,fbengtsenoe@va.gov,fsymperoe
Cecilia,ccareyof@github.io,cfliggof
Iseabal,idunstallog@uiuc.edu,imougeotog
Carroll,cmccarveroh@merriam-webster.com,chabbleoh
Sheree,sdilowayoi@seesaa.net,ssiaspinskioi
Gill,gmaccleodoj@github.io,ggradlyoj
Michele,mbuckseyok@arizona.edu,msayerok
Hieronymus,hoakleyol@ebay.co.uk,hhailyol
Patsy,pantalom@youtube.com,pburwoodom
Mitch,mhuzzeyon@dropbox.com,mdionisioon
Noell,nbrookingoo@myspace.com,nbooseyoo
Sophey,sthreadgouldop@baidu.com,sattreeop
Jenica,jjukubczakoq@ifeng.com,jrosengartenoq
Bethany,bcawthorneor@fc2.com,bbarberyor
See,stunnickos@tinyurl.com,saizikovitchos
Kristy,kfairrieot@statcounter.com,kjerzykot
Cleveland,cmillgateou@wired.com,cgrabhamou
Welbie,wglassborowov@globo.com,wbrimblecombov
Alexandro,ahebditchow@gmpg.org,aarrow
Skylar,smcsheeox@storify.com,smillinsox
Sancho,serdelyoy@wufoo.com,spietrzykoy
Devin,dbraizieroz@privacy.gov.au,dfoxleyoz
Trever,tavrahamovp0@zdnet.com,tlanghorp0
Carissa,cbassickp1@eepurl.com,cjohnstonp1
Keene,kcockingp2@a8.net,kveelp2
Allistir,abacchusp3@printfriendly.com,aalawayp3
Agna,ablorep4@ucsd.edu,amacardlep4
Catie,cspearettp5@netlog.com,ckeillohp5
Blair,bjaouenp6@cbsnews.com,bdyasp6
Baudoin,blaisep7@utexas.edu,bclearsp7
Grier,gpacittip8@examiner.com,groskeillyp8
Bartholomew,bpeatp9@ca.gov,bmanisp9
Franni,fdavleypa@wsj.com,fbenoistpa
Lemar,lgrabbampb@who.int,lmatherpb
Waldo,wogbournepc@biglobe.ne.jp,wpetraccopc
Leonerd,lranscombpd@bizjournals.com,lapplepd
Robinett,rharbidgepe@imageshack.us,reilertpe
Rodie,rperringtonpf@artisteer.com,rorfordpf
Micheline,mmechellpg@live.com,mmaleckypg
Marjorie,mmcgaugieph@ihg.com,melcombeph
Leoine,lansillpi@51.la,ltordiffepi
Annora,aaldwincklepj@yale.edu,afossickpj
Maurits,mfetterspk@fc2.com,mdemseypk
Kory,kaylwardpl@icq.com,kkippiepl
Gennie,glamblepm@skype.com,gcantuapm
Chance,cenevoldpn@netvibes.com,cdooherpn
Levy,lstuddertpo@discovery.com,lcrusepo
Nessi,ngoodbournpp@mail.ru,nocriganepp
Saidee,slynettpq@acquirethisname.com,sredonpq
Carney,ccappelpr@histats.com,csignorellipr
Albrecht,aonealps@networksolutions.com,adoberps
Christabella,chackletonpt@yellowbook.com,cphetteplacept
Stewart,spykepu@people.com.cn,sglandpu
Kelila,kdealmeidapv@discovery.com,kferripv
Christean,cderillpw@constantcontact.com,ctorettapw
Blinnie,bmoodycliffepx@networksolutions.com,bspunerpx
Carmelina,cfortonpy@netvibes.com,cpeniellopy
Dulcine,dincepz@unc.edu,dscamerdinepz
Arabelle,awhylerq0@weibo.com,adaskiewiczq0
Phineas,pmacalpineq1@usnews.com,plabrumq1
Catie,claphamq2@epa.gov,cdeluzeq2
Jesse,jmatzenq3@guardian.co.uk,jangroveq3
Nadiya,nharriskineq4@pbs.org,nludlomq4
Consuelo,cmccruddenq5@latimes.com,clivingstoneq5
Cherry,crosencrantzq6@upenn.edu,correllq6
Aleta,aofallonq7@umich.edu,achavezq7
Baxie,bgrewcockq8@spiegel.de,bcapstackq8
Maudie,mspirq9@sciencedaily.com,mjoannetq9
Maxie,mivanyushkinqa@instagram.com,malfusoqa
Clint,cscotchbrookqb@imdb.com,cbollinsqb
Merilyn,mdashkovichqc@youku.com,mwheadonqc
Cammie,cbeamishqd@dion.ne.jp,cinsallqd
Ev,esilvestonqe@soup.io,etugwellqe
Holt,hcoldhamqf@ehow.com,hbeeversqf
Florie,falenqg@tripadvisor.com,ffardyqg
Ab,aambroseqh@eventbrite.com,acohrqh
Samara,scheesleyqi@google.com.br,sfulkesqi
Noam,ndetoileqj@elpais.com,nbrafertonqj
Quent,qdumperqk@ebay.com,qcrickmoorqk
Meggie,mjedrachowiczql@shutterfly.com,mdivinaql
Korella,kkitchingmanqm@aboutads.info,khumbeeqm
Gaynor,gfrowingqn@behance.net,gkirtlandqn
Rebekkah,rstradlingqo@bizjournals.com,rseckerqo
Nicola,nhaxbieqp@weebly.com,nheigoldqp
Brandon,bvarleyqq@vimeo.com,bedgettqq
Emma,egervaiseqr@dyndns.org,eglewqr
Yolane,yrichardsonqs@chicagotribune.com,ymilbourneqs
Sib,sdickingsqt@trellian.com,selwelqt
Andreas,aurenqu@wp.com,ahullinsqu
Wilden,whealdqv@multiply.com,wswatridgeqv
Roxana,rjouanetonqw@discovery.com,rrodenqw
Dud,dbottrellqx@usda.gov,dknightqx
Kipp,kcessqy@over-blog.com,klicasqy
Jocelyne,jemigqz@europa.eu,jvasyuninqz
Luisa,lbetzr0@barnesandnoble.com,lfilippuccir0
Carly,cjenkinr1@livejournal.com,clofthouser1
Ainslie,arubesr2@youtube.com,amatelyunasr2
Kaitlin,kcolwellr3@ox.ac.uk,kcleoburyr3
Dolley,dsoaresr4@homestead.com,dbyrkmyrr4
Verene,vmcallanr5@mail.ru,vhyndesr5
Mollie,mtraharr6@kickstarter.com,mduligalr6
Teodorico,towbridger7@gravatar.com,tdagonr7
Lowrance,ltutingr8@digg.com,ltiffneyr8
Gypsy,gfrigoutr9@delicious.com,gcolliberr9
Lotty,lganforthera@hc360.com,lmahaddyra
Bryon,bsextenrb@sun.com,benticottrb
Sauveur,sliddallrc@about.me,slutherrc
Mervin,mlockyerrd@themeforest.net,mdowberrd
Dania,dfierrore@dailymotion.com,dpinningtonre
Sallyann,sklishinrf@wunderground.com,sfentyrf
Isak,irawoodrg@dot.gov,iselbornerg
Sheila-kathryn,sriolforh@eepurl.com,sglowachrh
Jannel,jcasaroliri@digg.com,jgiralri
Gilles,ghawkwoodrj@miitbeian.gov.cn,ggiffardrj
Marchelle,mgregrrk@wix.com,mmitkcovrk
Laurice,ldobrovolnyrl@clickbank.net,ljellyrl
Jessa,jsiddallrm@bloglines.com,jmaccostorm
Adlai,aburrelrn@csmonitor.com,alarkinsrn
Sarita,sguppiero@sogou.com,stownsro
Kaja,kledgardrp@japanpost.jp,kfurmengerrp
Nikolos,ngrigorkinrq@indiegogo.com,nmicahrq
Nessa,nvenartrr@infoseek.co.jp,ndonetrr
